id;height;text
1;170;'Uden spam infom'
2;175;'Uden spam infom'
3;175;'Uden spam infom'
4;180;'Uden spam infom'
5;180;'Uden spam infom'
6;180;'Uden spam infom'
7;180;'Uden spam infom'
8;185;'Uden spam infom'
9;185;'Uden spam infom'
10;190;'Uden spam infom'
11;170;'Uden spam infom'
12;175;'Uden spam infom'
13;175;'Uden spam infom'
14;180;'Uden spam infom'
15;180;'Uden spam infom'
16;180;'Uden spam infom'
17;180;'Uden spam infom'
18;185;'Uden spam infom'
19;185;'Uden spam infom'
20;190;'Uden spam infom'
21;170;'Uden spam infom'
22;175;'Uden spam infom'
23;175;'Uden spam infom'
24;180;'Uden spam infom'
25;180;'Uden spam infom'
26;180;'Uden spam infom'
27;180;'Uden spam infom'
28;185;'Uden spam infom'
29;185;'Uden spam infom'
30;190;'Uden spam infom'
31;170;'Uden spam infom'
32;175;'Uden spam infom'
33;175;'Uden spam infom'
34;180;'Uden spam infom'
35;180;'Uden spam infom'
36;180;'Uden spam infom'
37;180;'Uden spam infom'
38;185;'Uden spam infom'
39;185;'Uden spam infom'
40;190;'Uden spam infom'
41;170;'Uden spam infom'
42;175;'Uden spam infom'
43;175;'Uden spam infom'
44;180;'Uden spam infom'
45;180;'Uden spam infom'
46;180;'Uden spam infom'
47;180;'Uden spam infom'
48;185;'Uden spam infom'
49;185;'Uden spam infom'
50;190;'Uden spam infom'
51;170;'Uden spam infom'
52;175;'Uden spam infom'
53;175;'Uden spam infom'
54;180;'Uden spam infom'
55;180;'Uden spam infom'
56;180;'Uden spam infom'
57;180;'Uden spam infom'
58;185;'Uden spam infom'
59;185;'Uden spam infom'
60;190;'Uden spam infom'
61;170;'Uden spam infom'
62;175;'Uden spam infom'
63;175;'Uden spam infom'
64;180;'Uden spam infom'
65;180;'Uden spam infom'
66;180;'Uden spam infom'
67;180;'Uden spam infom'
68;185;'Uden spam infom'
69;185;'Uden spam infom'
70;190;'Uden spam infom'
71;170;'Uden spam infom'
72;175;'Uden spam infom'
73;175;'Uden spam infom'
74;180;'Uden spam infom'
75;180;'Uden spam infom'
76;180;'Uden spam infom'
77;180;'Uden spam infom'
78;185;'Uden spam infom'
79;185;'Uden spam infom'
80;190;'Uden spam infom'
81;170;'Uden spam infom'
82;175;'Uden spam infom'
83;175;'Uden spam infom'
84;180;'Uden spam infom'
85;180;'Uden spam infom'
86;180;'Uden spam infom'
87;180;'Uden spam infom'
88;185;'Uden spam infom'
89;185;'Uden spam infom'
90;190;'Uden spam infom'
91;170;'Uden spam infom'
92;175;'Uden spam infom'
93;175;'Uden spam infom'
94;180;'Uden spam infom'
95;180;'Uden spam infom'
96;180;'Uden spam infom'
97;180;'Uden spam infom'
98;185;'Uden spam infom'
99;185;'Uden spam infom'
100;190;'Uden spam infom'
